Latitude,Longitude,Average temperature per year,Hospital beds per 1000 people,Medical doctors per 1000 people,GDP/Capita,Population,Median age,Population aged 65 and over (%),Date,Daily tests,Cases,Deaths,Positivity Rate,Positivity Rate 3 Days Later
39.07,21.82,17,4.21,6.26,19582.5,10760421,45,22,737481,520.0,1.0,1.0,0.36538461538461536,0.36538461538461536
39.07,21.82,17,4.21,6.26,19582.5,10760421,45,22,737482,520.0,3.0,1.0,0.36538461538461536,0.36538461538461536
39.07,21.82,17,4.21,6.26,19582.5,10760421,45,22,737483,520.0,4.0,1.0,0.36538461538461536,0.36538461538461536
39.07,21.82,17,4.21,6.26,19582.5,10760421,45,22,737484,520.0,4.0,1.0,0.36538461538461536,0.36538461538461536
39.07,21.82,17,4.21,6.26,19582.5,10760421,45,22,737485,520.0,7.0,1.0,0.36538461538461536,0.36538461538461536
39.07,21.82,17,4.21,6.26,19582.5,10760421,45,22,737486,520.0,7.0,1.0,0.36538461538461536,0.36538461538461536
39.07,21.82,17,4.21,6.26,19582.5,10760421,45,22,737487,520.0,7.0,1.0,0.36538461538461536,0.36538461538461536
39.07,21.82,17,4.21,6.26,19582.5,10760421,45,22,737488,520.0,9.0,1.0,0.36538461538461536,0.36538461538461536
39.07,21.82,17,4.21,6.26,19582.5,10760421,45,22,737489,520.0,31.0,1.0,0.36538461538461536,0.36538461538461536
39.07,21.82,17,4.21,6.26,19582.5,10760421,45,22,737490,520.0,45.0,1.0,0.36538461538461536,0.36538461538461536
39.07,21.82,17,4.21,6.26,19582.5,10760421,45,22,737491,520.0,46.0,1.0,0.36538461538461536,0.36538461538461536
39.07,21.82,17,4.21,6.26,19582.5,10760421,45,22,737492,520.0,73.0,1.0,0.36538461538461536,0.36538461538461536
39.07,21.82,17,4.21,6.26,19582.5,10760421,45,22,737493,520.0,73.0,1.0,0.36538461538461536,0.36538461538461536
39.07,21.82,17,4.21,6.26,19582.5,10760421,45,22,737494,520.0,89.0,1.0,0.36538461538461536,0.36538461538461536
39.07,21.82,17,4.21,6.26,19582.5,10760421,45,22,737495,520.0,99.0,1.0,0.36538461538461536,0.32571428571428573
39.07,21.82,17,4.21,6.26,19582.5,10760421,45,22,737496,520.0,99.0,1.0,0.36538461538461536,0.5516666666666666
39.07,21.82,17,4.21,6.26,19582.5,10760421,45,22,737497,520.0,190.0,1.0,0.36538461538461536,1.034375
39.07,21.82,17,4.21,6.26,19582.5,10760421,45,22,737498,700.0,228.0,3.0,0.32571428571428573,1.034375
39.07,21.82,17,4.21,6.26,19582.5,10760421,45,22,737499,600.0,331.0,4.0,0.5516666666666666,1.034375
39.07,21.82,17,4.21,6.26,19582.5,10760421,45,22,737500,320.0,331.0,4.0,1.034375,1.034375
39.07,21.82,17,4.21,6.26,19582.5,10760421,45,22,737501,320.0,387.0,5.0,1.034375,1.034375
39.07,21.82,17,4.21,6.26,19582.5,10760421,45,22,737502,320.0,418.0,5.0,1.034375,0.8054711246200608
39.07,21.82,17,4.21,6.26,19582.5,10760421,45,22,737503,320.0,418.0,6.0,1.034375,3.5454545454545454
39.07,21.82,17,4.21,6.26,19582.5,10760421,45,22,737504,320.0,495.0,6.0,1.034375,1.0893416927899686
39.07,21.82,17,4.21,6.26,19582.5,10760421,45,22,737505,658.0,530.0,13.0,0.8054711246200608,1.740046838407494
39.07,21.82,17,4.21,6.26,19582.5,10760421,45,22,737506,176.0,624.0,15.0,3.5454545454545454,0.5765449438202247
39.07,21.82,17,4.21,6.26,19582.5,10760421,45,22,737507,638.0,695.0,17.0,1.0893416927899686,0.5765449438202247
39.07,21.82,17,4.21,6.26,19582.5,10760421,45,22,737508,427.0,743.0,20.0,1.740046838407494,0.5765449438202247
39.07,21.82,17,4.21,6.26,19582.5,10760421,45,22,737509,1424.0,821.0,22.0,0.5765449438202247,1.1975169300225734
39.07,21.82,17,4.21,6.26,19582.5,10760421,45,22,737510,1424.0,892.0,26.0,0.5765449438202247,1.467005076142132
39.07,21.82,17,4.21,6.26,19582.5,10760421,45,22,737511,1424.0,966.0,28.0,0.5765449438202247,1.4962962962962962
39.07,21.82,17,4.21,6.26,19582.5,10760421,45,22,737512,886.0,1061.0,32.0,1.1975169300225734,1.7042801556420233
39.07,21.82,17,4.21,6.26,19582.5,10760421,45,22,737513,788.0,1156.0,38.0,1.467005076142132,2.2896440129449838
39.07,21.82,17,4.21,6.26,19582.5,10760421,45,22,737514,810.0,1212.0,43.0,1.4962962962962962,1.033467202141901
39.07,21.82,17,4.21,6.26,19582.5,10760421,45,22,737515,771.0,1314.0,49.0,1.7042801556420233,0.44892847202894515
39.07,21.82,17,4.21,6.26,19582.5,10760421,45,22,737516,618.0,1415.0,50.0,2.2896440129449838,1.8671875
39.07,21.82,17,4.21,6.26,19582.5,10760421,45,22,737517,1494.0,1544.0,53.0,1.033467202141901,0.8183962264150944
39.07,21.82,17,4.21,6.26,19582.5,10760421,45,22,737518,3593.0,1613.0,63.0,0.44892847202894515,2.3716216216216215
39.07,21.82,17,4.21,6.26,19582.5,10760421,45,22,737519,896.0,1673.0,68.0,1.8671875,0.76620660811376
39.07,21.82,17,4.21,6.26,19582.5,10760421,45,22,737520,2120.0,1735.0,73.0,0.8183962264150944,0.4776876267748479
39.07,21.82,17,4.21,6.26,19582.5,10760421,45,22,737521,740.0,1755.0,79.0,2.3716216216216215,1.767631103074141
39.07,21.82,17,4.21,6.26,19582.5,10760421,45,22,737522,2391.0,1832.0,81.0,0.76620660811376,1.1184649610678532
39.07,21.82,17,4.21,6.26,19582.5,10760421,45,22,737523,3944.0,1884.0,83.0,0.4776876267748479,1.088389121338912
39.07,21.82,17,4.21,6.26,19582.5,10760421,45,22,737524,1106.0,1955.0,87.0,1.767631103074141,0.4299369534268863
39.07,21.82,17,4.21,6.26,19582.5,10760421,45,22,737525,1798.0,2011.0,92.0,1.1184649610678532,1.8333333333333333
39.07,21.82,17,4.21,6.26,19582.5,10760421,45,22,737526,1912.0,2081.0,93.0,1.088389121338912,1.8333333333333333
39.07,21.82,17,4.21,6.26,19582.5,10760421,45,22,737527,4917.0,2114.0,98.0,0.4299369534268863,1.8333333333333333
39.07,21.82,17,4.21,6.26,19582.5,10760421,45,22,737528,1170.0,2145.0,99.0,1.8333333333333333,1.1029485257371314
39.07,21.82,17,4.21,6.26,19582.5,10760421,45,22,737529,1170.0,2170.0,101.0,1.8333333333333333,0.9862527716186252
39.07,21.82,17,4.21,6.26,19582.5,10760421,45,22,737530,1170.0,2192.0,102.0,1.8333333333333333,1.358662613981763
39.07,21.82,17,4.21,6.26,19582.5,10760421,45,22,737531,2001.0,2207.0,105.0,1.1029485257371314,1.358662613981763
39.07,21.82,17,4.21,6.26,19582.5,10760421,45,22,737532,2255.0,2224.0,108.0,0.9862527716186252,1.358662613981763
39.07,21.82,17,4.21,6.26,19582.5,10760421,45,22,737533,1645.0,2235.0,110.0,1.358662613981763,1.8161875945537065
39.07,21.82,17,4.21,6.26,19582.5,10760421,45,22,737534,1645.0,2235.0,113.0,1.358662613981763,1.8159879336349924
39.07,21.82,17,4.21,6.26,19582.5,10760421,45,22,737535,1645.0,2245.0,116.0,1.358662613981763,1.095153401511783
39.07,21.82,17,4.21,6.26,19582.5,10760421,45,22,737536,1322.0,2401.0,121.0,1.8161875945537065,1.149584487534626
39.07,21.82,17,4.21,6.26,19582.5,10760421,45,22,737537,1326.0,2408.0,121.0,1.8159879336349924,1.4916666666666667
39.07,21.82,17,4.21,6.26,19582.5,10760421,45,22,737538,2249.0,2463.0,125.0,1.095153401511783,1.6548323471400395
39.07,21.82,17,4.21,6.26,19582.5,10760421,45,22,737539,2166.0,2490.0,130.0,1.149584487534626,1.705248990578735
39.07,21.82,17,4.21,6.26,19582.5,10760421,45,22,737540,1680.0,2506.0,130.0,1.4916666666666667,0.686279753944905
39.07,21.82,17,4.21,6.26,19582.5,10760421,45,22,737541,1521.0,2517.0,134.0,1.6548323471400395,1.1214627775359165
39.07,21.82,17,4.21,6.26,19582.5,10760421,45,22,737542,1486.0,2534.0,136.0,1.705248990578735,0.8523026315789474
39.07,21.82,17,4.21,6.26,19582.5,10760421,45,22,737543,3739.0,2566.0,138.0,0.686279753944905,1.2551657856799616
39.07,21.82,17,4.21,6.26,19582.5,10760421,45,22,737544,2297.0,2576.0,139.0,1.1214627775359165,2.7405857740585775
39.07,21.82,17,4.21,6.26,19582.5,10760421,45,22,737545,3040.0,2591.0,140.0,0.8523026315789474,2.3342222222222224
39.07,21.82,17,4.21,6.26,19582.5,10760421,45,22,737546,2081.0,2612.0,140.0,1.2551657856799616,1.6256948733786287
39.07,21.82,17,4.21,6.26,19582.5,10760421,45,22,737547,956.0,2620.0,143.0,2.7405857740585775,0.9439085387638443
39.07,21.82,17,4.21,6.26,19582.5,10760421,45,22,737548,1125.0,2626.0,144.0,2.3342222222222224,0.806480920654149
39.07,21.82,17,4.21,6.26,19582.5,10760421,45,22,737549,1619.0,2632.0,146.0,1.6256948733786287,0.8953527248411902
39.07,21.82,17,4.21,6.26,19582.5,10760421,45,22,737550,2799.0,2642.0,146.0,0.9439085387638443,0.6334745762711864
39.07,21.82,17,4.21,6.26,19582.5,10760421,45,22,737551,3302.0,2663.0,147.0,0.806480920654149,0.8761720012932428
39.07,21.82,17,4.21,6.26,19582.5,10760421,45,22,737552,2991.0,2678.0,148.0,0.8953527248411902,1.8191560616208975
39.07,21.82,17,4.21,6.26,19582.5,10760421,45,22,737553,4248.0,2691.0,150.0,0.6334745762711864,5.609053497942387
39.07,21.82,17,4.21,6.26,19582.5,10760421,45,22,737554,3093.0,2710.0,151.0,0.8761720012932428,0.41010312359886414
39.07,21.82,17,4.21,6.26,19582.5,10760421,45,22,737555,1493.0,2716.0,151.0,1.8191560616208975,0.46092184368737477
39.07,21.82,17,4.21,6.26,19582.5,10760421,45,22,737556,486.0,2726.0,151.0,5.609053497942387,0.6609401097590074
39.07,21.82,17,4.21,6.26,19582.5,10760421,45,22,737557,6691.0,2744.0,152.0,0.41010312359886414,0.742993125330513
39.07,21.82,17,4.21,6.26,19582.5,10760421,45,22,737558,5988.0,2760.0,155.0,0.46092184368737477,0.44974473516273133
39.07,21.82,17,4.21,6.26,19582.5,10760421,45,22,737559,4191.0,2770.0,156.0,0.6609401097590074,1.264049955396967
39.07,21.82,17,4.21,6.26,19582.5,10760421,45,22,737560,3782.0,2810.0,160.0,0.742993125330513,0.8977524533080089
39.07,21.82,17,4.21,6.26,19582.5,10760421,45,22,737561,6268.0,2819.0,162.0,0.44974473516273133,0.6578642575862867
39.07,21.82,17,4.21,6.26,19582.5,10760421,45,22,737562,2242.0,2834.0,163.0,1.264049955396967,0.8275261324041812
39.07,21.82,17,4.21,6.26,19582.5,10760421,45,22,737563,3159.0,2836.0,165.0,0.8977524533080089,0.615799697819987
39.07,21.82,17,4.21,6.26,19582.5,10760421,45,22,737564,4317.0,2840.0,165.0,0.6578642575862867,0.7407216494845361
39.07,21.82,17,4.21,6.26,19582.5,10760421,45,22,737565,3444.0,2850.0,166.0,0.8275261324041812,0.5706349206349206
39.07,21.82,17,4.21,6.26,19582.5,10760421,45,22,737566,4633.0,2853.0,168.0,0.615799697819987,2.982383419689119
39.07,21.82,17,4.21,6.26,19582.5,10760421,45,22,737567,3880.0,2874.0,169.0,0.7407216494845361,2.6834264432029795
39.07,21.82,17,4.21,6.26,19582.5,10760421,45,22,737568,5040.0,2876.0,171.0,0.5706349206349206,0.4857238831037958
39.07,21.82,17,4.21,6.26,19582.5,10760421,45,22,737569,965.0,2878.0,171.0,2.982383419689119,0.5525314046440807
39.07,21.82,17,4.21,6.26,19582.5,10760421,45,22,737570,1074.0,2882.0,172.0,2.6834264432029795,0.6882993841781146
39.07,21.82,17,4.21,6.26,19582.5,10760421,45,22,737571,5954.0,2892.0,173.0,0.4857238831037958,0.6646104637879826
39.07,21.82,17,4.21,6.26,19582.5,10760421,45,22,737572,5254.0,2903.0,173.0,0.5525314046440807,0.839573732718894
39.07,21.82,17,4.21,6.26,19582.5,10760421,45,22,737573,4222.0,2906.0,175.0,0.6882993841781146,1.3247048138056312
39.07,21.82,17,4.21,6.26,19582.5,10760421,45,22,737574,4377.0,2909.0,175.0,0.6646104637879826,1.531758530183727
39.07,21.82,17,4.21,6.26,19582.5,10760421,45,22,737575,3472.0,2915.0,175.0,0.839573732718894,0.9273760656772971
39.07,21.82,17,4.21,6.26,19582.5,10760421,45,22,737576,2202.0,2917.0,175.0,1.3247048138056312,0.9273760656772971
39.07,21.82,17,4.21,6.26,19582.5,10760421,45,22,737577,1905.0,2918.0,179.0,1.531758530183727,0.9273760656772971
39.07,21.82,17,4.21,6.26,19582.5,10760421,45,22,737578,3167.0,2937.0,179.0,0.9273760656772971,0.9273760656772971
39.07,21.82,17,4.21,6.26,19582.5,10760421,45,22,737579,3167.0,2937.0,179.0,0.9273760656772971,0.9273760656772971
39.07,21.82,17,4.21,6.26,19582.5,10760421,45,22,737580,3167.0,2952.0,180.0,0.9273760656772971,0.9273760656772971
39.07,21.82,17,4.21,6.26,19582.5,10760421,45,22,737581,3167.0,2967.0,180.0,0.9273760656772971,0.9273760656772971
39.07,21.82,17,4.21,6.26,19582.5,10760421,45,22,737582,3167.0,2980.0,180.0,0.9273760656772971,1.3651785714285714
39.07,21.82,17,4.21,6.26,19582.5,10760421,45,22,737583,3167.0,2997.0,180.0,0.9273760656772971,1.3651785714285714
39.07,21.82,17,4.21,6.26,19582.5,10760421,45,22,737584,3167.0,3049.0,182.0,0.9273760656772971,1.3651785714285714
39.07,21.82,17,4.21,6.26,19582.5,10760421,45,22,737585,2240.0,3058.0,183.0,1.3651785714285714,0.4715521165225307
39.07,21.82,17,4.21,6.26,19582.5,10760421,45,22,737586,2240.0,3068.0,183.0,1.3651785714285714,0.8680613668061367
39.07,21.82,17,4.21,6.26,19582.5,10760421,45,22,737587,2240.0,3088.0,183.0,1.3651785714285714,0.899164505906079
39.07,21.82,17,4.21,6.26,19582.5,10760421,45,22,737588,6591.0,3108.0,183.0,0.4715521165225307,0.7972526074790129
39.07,21.82,17,4.21,6.26,19582.5,10760421,45,22,737589,3585.0,3112.0,183.0,0.8680613668061367,0.6448176976648914
39.07,21.82,17,4.21,6.26,19582.5,10760421,45,22,737590,3471.0,3121.0,183.0,0.899164505906079,0.6166730843280709
39.07,21.82,17,4.21,6.26,19582.5,10760421,45,22,737591,3931.0,3134.0,184.0,0.7972526074790129,0.5967085798816568
39.07,21.82,17,4.21,6.26,19582.5,10760421,45,22,737592,4882.0,3148.0,185.0,0.6448176976648914,0.7402241024468328
39.07,21.82,17,4.21,6.26,19582.5,10760421,45,22,737593,5194.0,3203.0,187.0,0.6166730843280709,0.7782026768642447
39.07,21.82,17,4.21,6.26,19582.5,10760421,45,22,737594,5408.0,3227.0,188.0,0.5967085798816568,0.7682898141613738
39.07,21.82,17,4.21,6.26,19582.5,10760421,45,22,737595,4373.0,3237.0,189.0,0.7402241024468328,1.15617305663032
39.07,21.82,17,4.21,6.26,19582.5,10760421,45,22,737596,4184.0,3256.0,190.0,0.7782026768642447,0.6352443247402847
39.07,21.82,17,4.21,6.26,19582.5,10760421,45,22,737597,4251.0,3266.0,190.0,0.7682898141613738,0.6352443247402847
39.07,21.82,17,4.21,6.26,19582.5,10760421,45,22,737598,2843.0,3287.0,190.0,1.15617305663032,0.6352443247402847
39.07,21.82,17,4.21,6.26,19582.5,10760421,45,22,737599,5198.0,3302.0,190.0,0.6352443247402847,0.8334579905260534
39.07,21.82,17,4.21,6.26,19582.5,10760421,45,22,737600,5198.0,3310.0,190.0,0.6352443247402847,0.6359342527866995
39.07,21.82,17,4.21,6.26,19582.5,10760421,45,22,737601,5198.0,3321.0,191.0,0.6352443247402847,0.8454795892812422
39.07,21.82,17,4.21,6.26,19582.5,10760421,45,22,737602,4011.0,3343.0,191.0,0.8334579905260534,1.0414746543778801
39.07,21.82,17,4.21,6.26,19582.5,10760421,45,22,737603,5293.0,3366.0,191.0,0.6359342527866995,0.7777777777777778
39.07,21.82,17,4.21,6.26,19582.5,10760421,45,22,737604,3993.0,3376.0,191.0,0.8454795892812422,1.0701590271281571
39.07,21.82,17,4.21,6.26,19582.5,10760421,45,22,737605,3255.0,3390.0,191.0,1.0414746543778801,0.7779527559055118
39.07,21.82,17,4.21,6.26,19582.5,10760421,45,22,737606,4383.0,3409.0,192.0,0.7777777777777778,0.6938694267515924
39.07,21.82,17,4.21,6.26,19582.5,10760421,45,22,737607,3207.0,3432.0,192.0,1.0701590271281571,0.5615802943058221
39.07,21.82,17,4.21,6.26,19582.5,10760421,45,22,737608,4445.0,3458.0,192.0,0.7779527559055118,0.6455696202531646
39.07,21.82,17,4.21,6.26,19582.5,10760421,45,22,737609,5024.0,3486.0,192.0,0.6938694267515924,1.1222432262129804
39.07,21.82,17,4.21,6.26,19582.5,10760421,45,22,737610,6252.0,3511.0,192.0,0.5615802943058221,0.409890360895386
39.07,21.82,17,4.21,6.26,19582.5,10760421,45,22,737611,5451.0,3519.0,192.0,0.6455696202531646,0.5931870291516541
39.07,21.82,17,4.21,6.26,19582.5,10760421,45,22,737612,3174.0,3562.0,192.0,1.1222432262129804,1.0387553041018387
39.07,21.82,17,4.21,6.26,19582.5,10760421,45,22,737613,8756.0,3589.0,193.0,0.409890360895386,0.7962449327928313
39.07,21.82,17,4.21,6.26,19582.5,10760421,45,22,737614,6106.0,3622.0,193.0,0.5931870291516541,0.4863958736299162
39.07,21.82,17,4.21,6.26,19582.5,10760421,45,22,737615,3535.0,3672.0,193.0,1.0387553041018387,1.3754068716094032
39.07,21.82,17,4.21,6.26,19582.5,10760421,45,22,737616,4687.0,3732.0,193.0,0.7962449327928313,0.44906103286384974
39.07,21.82,17,4.21,6.26,19582.5,10760421,45,22,737617,7755.0,3772.0,193.0,0.4863958736299162,1.0072632944228275
39.07,21.82,17,4.21,6.26,19582.5,10760421,45,22,737618,2765.0,3803.0,193.0,1.3754068716094032,0.7153311379436517
39.07,21.82,17,4.21,6.26,19582.5,10760421,45,22,737619,8520.0,3826.0,193.0,0.44906103286384974,0.599178582293885
39.07,21.82,17,4.21,6.26,19582.5,10760421,45,22,737620,3855.0,3883.0,193.0,1.0072632944228275,0.9165317919075144
39.07,21.82,17,4.21,6.26,19582.5,10760421,45,22,737621,5466.0,3910.0,193.0,0.7153311379436517,1.1826009501187649
39.07,21.82,17,4.21,6.26,19582.5,10760421,45,22,737622,6574.0,3939.0,193.0,0.599178582293885,0.847862886161659
39.07,21.82,17,4.21,6.26,19582.5,10760421,45,22,737623,4325.0,3964.0,194.0,0.9165317919075144,1.3400133600534403
39.07,21.82,17,4.21,6.26,19582.5,10760421,45,22,737624,3368.0,3983.0,194.0,1.1826009501187649,0.6586397657012691
39.07,21.82,17,4.21,6.26,19582.5,10760421,45,22,737625,4726.0,4007.0,194.0,0.847862886161659,0.854896204655064
39.07,21.82,17,4.21,6.26,19582.5,10760421,45,22,737626,2994.0,4012.0,195.0,1.3400133600534403,0.664081434803684
39.07,21.82,17,4.21,6.26,19582.5,10760421,45,22,737627,6146.0,4048.0,197.0,0.6586397657012691,0.7323769040028338
39.07,21.82,17,4.21,6.26,19582.5,10760421,45,22,737628,4769.0,4077.0,200.0,0.854896204655064,0.7323769040028338
39.07,21.82,17,4.21,6.26,19582.5,10760421,45,22,737629,6189.0,4110.0,201.0,0.664081434803684,0.7323769040028338
39.07,21.82,17,4.21,6.26,19582.5,10760421,45,22,737630,5646.0,4135.0,201.0,0.7323769040028338,1.1638215859030836
39.07,21.82,17,4.21,6.26,19582.5,10760421,45,22,737631,5646.0,4166.0,201.0,0.7323769040028338,0.6876104772617708
39.07,21.82,17,4.21,6.26,19582.5,10760421,45,22,737632,5646.0,4193.0,202.0,0.7323769040028338,0.08046168976971181
39.07,21.82,17,4.21,6.26,19582.5,10760421,45,22,737633,3632.0,4227.0,202.0,1.1638215859030836,0.5203357767793805
39.07,21.82,17,4.21,6.26,19582.5,10760421,45,22,737634,6223.0,4279.0,203.0,0.6876104772617708,0.5203357767793805
39.07,21.82,17,4.21,6.26,19582.5,10760421,45,22,737635,53889.0,4336.0,203.0,0.08046168976971181,0.5203357767793805
39.07,21.82,17,4.21,6.26,19582.5,10760421,45,22,737636,8458.0,4401.0,203.0,0.5203357767793805,0.7840565085771948
39.07,21.82,17,4.21,6.26,19582.5,10760421,45,22,737637,8458.0,4477.0,206.0,0.5203357767793805,0.24396147705618787
39.07,21.82,17,4.21,6.26,19582.5,10760421,45,22,737638,8458.0,4587.0,206.0,0.5203357767793805,0.13929934295469543
39.07,21.82,17,4.21,6.26,19582.5,10760421,45,22,737639,5946.0,4662.0,208.0,0.7840565085771948,0.5037472149078388
39.07,21.82,17,4.21,6.26,19582.5,10760421,45,22,737640,19417.0,4737.0,209.0,0.24396147705618787,0.5222222222222223
39.07,21.82,17,4.21,6.26,19582.5,10760421,45,22,737641,34853.0,4855.0,209.0,0.13929934295469543,0.454702329594478
39.07,21.82,17,4.21,6.26,19582.5,10760421,45,22,737642,9874.0,4974.0,210.0,0.5037472149078388,0.582027056044664
39.07,21.82,17,4.21,6.26,19582.5,10760421,45,22,737643,9810.0,5123.0,210.0,0.5222222222222223,0.5254649098215121
39.07,21.82,17,4.21,6.26,19582.5,10760421,45,22,737644,11590.0,5270.0,210.0,0.454702329594478,0.8006963788300836
39.07,21.82,17,4.21,6.26,19582.5,10760421,45,22,737645,9314.0,5421.0,211.0,0.582027056044664,0.5626361140043556
39.07,21.82,17,4.21,6.26,19582.5,10760421,45,22,737646,10701.0,5623.0,212.0,0.5254649098215121,0.5592069527430744
39.07,21.82,17,4.21,6.26,19582.5,10760421,45,22,737647,7180.0,5749.0,213.0,0.8006963788300836,0.8448298689262544
39.07,21.82,17,4.21,6.26,19582.5,10760421,45,22,737648,10561.0,5942.0,214.0,0.5626361140043556,0.3771825058294944
39.07,21.82,17,4.21,6.26,19582.5,10760421,45,22,737649,11046.0,6177.0,216.0,0.5592069527430744,0.648081648081648
39.07,21.82,17,4.21,6.26,19582.5,10760421,45,22,737650,7553.0,6381.0,221.0,0.8448298689262544,1.8579306722689075
39.07,21.82,17,4.21,6.26,19582.5,10760421,45,22,737651,17583.0,6632.0,223.0,0.3771825058294944,0.9440522875816993
39.07,21.82,17,4.21,6.26,19582.5,10760421,45,22,737652,10582.0,6858.0,226.0,0.648081648081648,0.5371675053918045
39.07,21.82,17,4.21,6.26,19582.5,10760421,45,22,737653,3808.0,7075.0,228.0,1.8579306722689075,0.1211777136458974
39.07,21.82,17,4.21,6.26,19582.5,10760421,45,22,737654,7650.0,7222.0,230.0,0.9440522875816993,0.6520381328073636
39.07,21.82,17,4.21,6.26,19582.5,10760421,45,22,737655,13910.0,7472.0,232.0,0.5371675053918045,0.6520381328073636
39.07,21.82,17,4.21,6.26,19582.5,10760421,45,22,737656,63411.0,7684.0,235.0,0.1211777136458974,0.6520381328073636
39.07,21.82,17,4.21,6.26,19582.5,10760421,45,22,737657,12168.0,7934.0,235.0,0.6520381328073636,0.6520381328073636
39.07,21.82,17,4.21,6.26,19582.5,10760421,45,22,737658,12168.0,8138.0,238.0,0.6520381328073636,0.9037712646034023
39.07,21.82,17,4.21,6.26,19582.5,10760421,45,22,737659,12168.0,8381.0,240.0,0.6520381328073636,0.6235775742436859
39.07,21.82,17,4.21,6.26,19582.5,10760421,45,22,737660,12168.0,8664.0,242.0,0.6520381328073636,0.6235775742436859
39.07,21.82,17,4.21,6.26,19582.5,10760421,45,22,737661,9758.0,8819.0,242.0,0.9037712646034023,0.6235775742436859
39.07,21.82,17,4.21,6.26,19582.5,10760421,45,22,737662,14412.0,8987.0,243.0,0.6235775742436859,0.7084508060435191
39.07,21.82,17,4.21,6.26,19582.5,10760421,45,22,737663,14412.0,9280.0,248.0,0.6235775742436859,0.7262866710344326
39.07,21.82,17,4.21,6.26,19582.5,10760421,45,22,737664,14412.0,9531.0,254.0,0.6235775742436859,1.0257085020242915
39.07,21.82,17,4.21,6.26,19582.5,10760421,45,22,737665,13833.0,9800.0,259.0,0.7084508060435191,1.2159104301708898
39.07,21.82,17,4.21,6.26,19582.5,10760421,45,22,737666,13737.0,9977.0,260.0,0.7262866710344326,0.6198244890747394
39.07,21.82,17,4.21,6.26,19582.5,10760421,45,22,737667,9880.0,10134.0,262.0,1.0257085020242915,0.7599971739437614
39.07,21.82,17,4.21,6.26,19582.5,10760421,45,22,737668,8485.0,10317.0,266.0,1.2159104301708898,0.9114868224763799
39.07,21.82,17,4.21,6.26,19582.5,10760421,45,22,737669,16979.0,10524.0,271.0,0.6198244890747394,1.059001512859304
39.07,21.82,17,4.21,6.26,19582.5,10760421,45,22,737670,14154.0,10757.0,273.0,0.7599971739437614,0.9550411004864956
39.07,21.82,17,4.21,6.26,19582.5,10760421,45,22,737671,12066.0,10998.0,278.0,0.9114868224763799,0.9550411004864956
39.07,21.82,17,4.21,6.26,19582.5,10760421,45,22,737672,10576.0,11200.0,279.0,1.059001512859304,0.9550411004864956
39.07,21.82,17,4.21,6.26,19582.5,10760421,45,22,737673,11922.0,11386.0,280.0,0.9550411004864956,0.9550411004864956
39.07,21.82,17,4.21,6.26,19582.5,10760421,45,22,737674,11922.0,11524.0,284.0,0.9550411004864956,0.9550411004864956
39.07,21.82,17,4.21,6.26,19582.5,10760421,45,22,737675,11922.0,11663.0,289.0,0.9550411004864956,0.9550411004864956
39.07,21.82,17,4.21,6.26,19582.5,10760421,45,22,737676,11922.0,11832.0,290.0,0.9550411004864956,0.9550411004864956
39.07,21.82,17,4.21,6.26,19582.5,10760421,45,22,737677,11922.0,12080.0,293.0,0.9550411004864956,0.9550411004864956
39.07,21.82,17,4.21,6.26,19582.5,10760421,45,22,737678,11922.0,12452.0,297.0,0.9550411004864956,0.9550411004864956
39.07,21.82,17,4.21,6.26,19582.5,10760421,45,22,737679,11922.0,12734.0,300.0,0.9550411004864956,1.8782365290412877
39.07,21.82,17,4.21,6.26,19582.5,10760421,45,22,737680,11922.0,13036.0,302.0,0.9550411004864956,1.8782365290412877
39.07,21.82,17,4.21,6.26,19582.5,10760421,45,22,737681,11922.0,13240.0,305.0,0.9550411004864956,1.8782365290412877
39.07,21.82,17,4.21,6.26,19582.5,10760421,45,22,737682,7145.0,13420.0,310.0,1.8782365290412877,1.8782365290412877
39.07,21.82,17,4.21,6.26,19582.5,10760421,45,22,737683,7145.0,13730.0,313.0,1.8782365290412877,1.8782365290412877
39.07,21.82,17,4.21,6.26,19582.5,10760421,45,22,737684,7145.0,14041.0,316.0,1.8782365290412877,1.217624583367206
39.07,21.82,17,4.21,6.26,19582.5,10760421,45,22,737685,7145.0,14400.0,325.0,1.8782365290412877,1.8465853658536586
39.07,21.82,17,4.21,6.26,19582.5,10760421,45,22,737686,7145.0,14738.0,327.0,1.8782365290412877,1.9728020240354207
39.07,21.82,17,4.21,6.26,19582.5,10760421,45,22,737687,12301.0,14978.0,331.0,1.217624583367206,1.4614184787595192
39.07,21.82,17,4.21,6.26,19582.5,10760421,45,22,737688,8200.0,15142.0,338.0,1.8465853658536586,1.3336062888961677
39.07,21.82,17,4.21,6.26,19582.5,10760421,45,22,737689,7905.0,15595.0,344.0,1.9728020240354207,1.265950966955992
39.07,21.82,17,4.21,6.26,19582.5,10760421,45,22,737690,10899.0,15928.0,352.0,1.4614184787595192,1.6790429862007346
39.07,21.82,17,4.21,6.26,19582.5,10760421,45,22,737691,12212.0,16286.0,357.0,1.3336062888961677,0.8013768722671877
39.07,21.82,17,4.21,6.26,19582.5,10760421,45,22,737692,13134.0,16627.0,366.0,1.265950966955992,1.7503511940598033
39.07,21.82,17,4.21,6.26,19582.5,10760421,45,22,737693,10073.0,16913.0,369.0,1.6790429862007346,2.6444145758661888
39.07,21.82,17,4.21,6.26,19582.5,10760421,45,22,737694,21498.0,17228.0,376.0,0.8013768722671877,2.6444145758661888
39.07,21.82,17,4.21,6.26,19582.5,10760421,45,22,737695,9966.0,17444.0,379.0,1.7503511940598033,2.6444145758661888
39.07,21.82,17,4.21,6.26,19582.5,10760421,45,22,737696,6696.0,17707.0,383.0,2.6444145758661888,1.632183908045977
39.07,21.82,17,4.21,6.26,19582.5,10760421,45,22,737697,6696.0,18123.0,388.0,2.6444145758661888,1.839323065221525
39.07,21.82,17,4.21,6.26,19582.5,10760421,45,22,737698,6696.0,18475.0,391.0,2.6444145758661888,1.557452553005638
39.07,21.82,17,4.21,6.26,19582.5,10760421,45,22,737699,11571.0,18886.0,393.0,1.632183908045977,1.9066013260305563
39.07,21.82,17,4.21,6.26,19582.5,10760421,45,22,737700,10518.0,19346.0,398.0,1.839323065221525,2.768659793814433
39.07,21.82,17,4.21,6.26,19582.5,10760421,45,22,737701,12593.0,19613.0,405.0,1.557452553005638,1.5599179829890644
39.07,21.82,17,4.21,6.26,19582.5,10760421,45,22,737702,10407.0,19842.0,409.0,1.9066013260305563,1.5994960293219305
39.07,21.82,17,4.21,6.26,19582.5,10760421,45,22,737703,7275.0,20142.0,417.0,2.768659793814433,1.687796021471424
39.07,21.82,17,4.21,6.26,19582.5,10760421,45,22,737704,13168.0,20541.0,420.0,1.5599179829890644,1.7538263251168036
39.07,21.82,17,4.21,6.26,19582.5,10760421,45,22,737705,13096.0,20947.0,424.0,1.5994960293219305,1.4335432764106226
39.07,21.82,17,4.21,6.26,19582.5,10760421,45,22,737706,12668.0,21381.0,430.0,1.687796021471424,2.1587332239065367
39.07,21.82,17,4.21,6.26,19582.5,10760421,45,22,737707,12414.0,21772.0,431.0,1.7538263251168036,3.251794430089004
39.07,21.82,17,4.21,6.26,19582.5,10760421,45,22,737708,15401.0,22078.0,436.0,1.4335432764106226,1.1075888568683958
39.07,21.82,17,4.21,6.26,19582.5,10760421,45,22,737709,10357.0,22358.0,449.0,2.1587332239065367,1.0912173145696902
39.07,21.82,17,4.21,6.26,19582.5,10760421,45,22,737710,6966.0,22652.0,456.0,3.251794430089004,1.090383389490939
39.07,21.82,17,4.21,6.26,19582.5,10760421,45,22,737711,20820.0,23060.0,462.0,1.1075888568683958,1.1489121751797378
39.07,21.82,17,4.21,6.26,19582.5,10760421,45,22,737712,21531.0,23495.0,469.0,1.0912173145696902,1.179989587770363
39.07,21.82,17,4.21,6.26,19582.5,10760421,45,22,737713,21962.0,23947.0,482.0,1.090383389490939,1.6352971509604228
39.07,21.82,17,4.21,6.26,19582.5,10760421,45,22,737714,21281.0,24450.0,490.0,1.1489121751797378,3.4292929292929295
39.07,21.82,17,4.21,6.26,19582.5,10760421,45,22,737715,21129.0,24932.0,500.0,1.179989587770363,1.237331712789828
39.07,21.82,17,4.21,6.26,19582.5,10760421,45,22,737716,15514.0,25370.0,509.0,1.6352971509604228,1.1436820083682009
39.07,21.82,17,4.21,6.26,19582.5,10760421,45,22,737717,7524.0,25802.0,520.0,3.4292929292929295,1.216206896551724
39.07,21.82,17,4.21,6.26,19582.5,10760421,45,22,737718,21392.0,26469.0,528.0,1.237331712789828,1.2101536795635335
39.07,21.82,17,4.21,6.26,19582.5,10760421,45,22,737719,23900.0,27334.0,534.0,1.1436820083682009,1.3237994350282485
39.07,21.82,17,4.21,6.26,19582.5,10760421,45,22,737720,23200.0,28216.0,549.0,1.216206896551724,1.651749302425413
39.07,21.82,17,4.21,6.26,19582.5,10760421,45,22,737721,24011.0,29057.0,559.0,1.2101536795635335,2.2834771260784454
39.07,21.82,17,4.21,6.26,19582.5,10760421,45,22,737722,22656.0,29992.0,564.0,1.3237994350282485,1.4149565818464596
39.07,21.82,17,4.21,6.26,19582.5,10760421,45,22,737723,18636.0,30782.0,574.0,1.651749302425413,1.4143334295492969
39.07,21.82,17,4.21,6.26,19582.5,10760421,45,22,737724,13793.0,31496.0,581.0,2.2834771260784454,2.7393350304713415
39.07,21.82,17,4.21,6.26,19582.5,10760421,45,22,737725,23147.0,32752.0,593.0,1.4149565818464596,1.2591313767306456
39.07,21.82,17,4.21,6.26,19582.5,10760421,45,22,737726,24251.0,34299.0,603.0,1.4143334295492969,1.4989879702119535
39.07,21.82,17,4.21,6.26,19582.5,10760421,45,22,737727,12963.0,35510.0,615.0,2.7393350304713415,1.4989879702119535
39.07,21.82,17,4.21,6.26,19582.5,10760421,45,22,737728,29541.0,37196.0,620.0,1.2591313767306456,1.4989879702119535
39.07,21.82,17,4.21,6.26,19582.5,10760421,45,22,737729,26185.0,39251.0,626.0,1.4989879702119535,1.5808918107760468
39.07,21.82,17,4.21,6.26,19582.5,10760421,45,22,737730,26185.0,40929.0,635.0,1.4989879702119535,1.7184110231603635
39.07,21.82,17,4.21,6.26,19582.5,10760421,45,22,737731,26185.0,42080.0,642.0,1.4989879702119535,1.8990010675613849
39.07,21.82,17,4.21,6.26,19582.5,10760421,45,22,737732,27988.0,44246.0,655.0,1.5808918107760468,1.765934437309902
39.07,21.82,17,4.21,6.26,19582.5,10760421,45,22,737733,27288.0,46892.0,673.0,1.7184110231603635,1.9656780116917119
39.07,21.82,17,4.21,6.26,19582.5,10760421,45,22,737734,26228.0,49807.0,702.0,1.8990010675613849,3.5141936283624644
39.07,21.82,17,4.21,6.26,19582.5,10760421,45,22,737735,29590.0,52254.0,715.0,1.765934437309902,5.139740305626711
39.07,21.82,17,4.21,6.26,19582.5,10760421,45,22,737736,27883.0,54809.0,749.0,1.9656780116917119,2.177602013302175
39.07,21.82,17,4.21,6.26,19582.5,10760421,45,22,737737,16134.0,56698.0,784.0,3.5141936283624644,2.1692702980472767
39.07,21.82,17,4.21,6.26,19582.5,10760421,45,22,737738,11321.0,58187.0,825.0,5.139740305626711,2.330453941386305
39.07,21.82,17,4.21,6.26,19582.5,10760421,45,22,737739,27815.0,60570.0,866.0,2.177602013302175,2.367080006794632
39.07,21.82,17,4.21,6.26,19582.5,10760421,45,22,737740,29190.0,63321.0,909.0,2.1692702980472767,2.513954859064591
39.07,21.82,17,4.21,6.26,19582.5,10760421,45,22,737741,28594.0,66637.0,959.0,2.330453941386305,4.667861860728439
39.07,21.82,17,4.21,6.26,19582.5,10760421,45,22,737742,29435.0,69675.0,997.0,2.367080006794632,5.810997870398539
39.07,21.82,17,4.21,6.26,19582.5,10760421,45,22,737743,28843.0,72510.0,1035.0,2.513954859064591,2.645311765890328
39.07,21.82,17,4.21,6.26,19582.5,10760421,45,22,737744,15897.0,74205.0,1106.0,4.667861860728439,2.58155269534569
39.07,21.82,17,4.21,6.26,19582.5,10760421,45,22,737745,13148.0,76403.0,1165.0,5.810997870398539,2.7440700331498826
39.07,21.82,17,4.21,6.26,19582.5,10760421,45,22,737746,29798.0,78825.0,1228.0,2.645311765890328,2.8208159331834244
39.07,21.82,17,4.21,6.26,19582.5,10760421,45,22,737747,31777.0,82034.0,1288.0,2.58155269534569,2.9146507115135836
39.07,21.82,17,4.21,6.26,19582.5,10760421,45,22,737748,31071.0,85261.0,1347.0,2.7440700331498826,5.79757008163007
39.07,21.82,17,4.21,6.26,19582.5,10760421,45,22,737749,31130.0,87812.0,1419.0,2.8208159331834244,5.79757008163007
39.07,21.82,17,4.21,6.26,19582.5,10760421,45,22,737750,30920.0,90121.0,1527.0,2.9146507115135836,5.79757008163007
39.07,21.82,17,4.21,6.26,19582.5,10760421,45,22,737751,15803.0,91619.0,1630.0,5.79757008163007,5.79757008163007
39.07,21.82,17,4.21,6.26,19582.5,10760421,45,22,737752,15803.0,93006.0,1714.0,5.79757008163007,3.1507709880068533
39.07,21.82,17,4.21,6.26,19582.5,10760421,45,22,737753,15803.0,95137.0,1815.0,5.79757008163007,3.2837412870805642
39.07,21.82,17,4.21,6.26,19582.5,10760421,45,22,737754,15803.0,97288.0,1902.0,5.79757008163007,3.49813268146941
39.07,21.82,17,4.21,6.26,19582.5,10760421,45,22,737755,31518.0,99306.0,2001.0,3.1507709880068533,6.3452453427493
39.07,21.82,17,4.21,6.26,19582.5,10760421,45,22,737756,30845.0,101287.0,2102.0,3.2837412870805642,9.257034822370736
39.07,21.82,17,4.21,6.26,19582.5,10760421,45,22,737757,29454.0,103034.0,2223.0,3.49813268146941,3.475406655240436
39.07,21.82,17,4.21,6.26,19582.5,10760421,45,22,737758,16426.0,104227.0,2321.0,6.3452453427493,3.850245786516854
39.07,21.82,17,4.21,6.26,19582.5,10760421,45,22,737759,11372.0,105271.0,2406.0,9.257034822370736,3.742977952280278
39.07,21.82,17,4.21,6.26,19582.5,10760421,45,22,737760,30923.0,107470.0,2517.0,3.475406655240436,4.1793442138689905
39.07,21.82,17,4.21,6.26,19582.5,10760421,45,22,737761,28480.0,109655.0,2606.0,3.850245786516854,4.145157205398169
39.07,21.82,17,4.21,6.26,19582.5,10760421,45,22,737762,29799.0,111537.0,2706.0,3.742977952280278,8.904302899444787
39.07,21.82,17,4.21,6.26,19582.5,10760421,45,22,737763,27082.0,113185.0,2804.0,4.1793442138689905,11.088827664829944
39.07,21.82,17,4.21,6.26,19582.5,10760421,45,22,737764,27639.0,114568.0,2902.0,4.145157205398169,3.92828618968386
39.07,21.82,17,4.21,6.26,19582.5,10760421,45,22,737765,12968.0,115471.0,3003.0,8.904302899444787,3.952198600290506
39.07,21.82,17,4.21,6.26,19582.5,10760421,45,22,737766,10526.0,116721.0,3092.0,11.088827664829944,3.7315504400812456
39.07,21.82,17,4.21,6.26,19582.5,10760421,45,22,737767,30050.0,118045.0,3194.0,3.92828618968386,3.7453201820014046
39.07,21.82,17,4.21,6.26,19582.5,10760421,45,22,737768,30292.0,119720.0,3289.0,3.952198600290506,3.9586370029408005
39.07,21.82,17,4.21,6.26,19582.5,10760421,45,22,737769,32494.0,121253.0,3370.0,3.7315504400812456,7.885891590678825
39.07,21.82,17,4.21,6.26,19582.5,10760421,45,22,737770,32747.0,122648.0,3472.0,3.7453201820014046,10.449369730361466
39.07,21.82,17,4.21,6.26,19582.5,10760421,45,22,737771,31284.0,123842.0,3540.0,3.9586370029408005,3.836779305947718
39.07,21.82,17,4.21,6.26,19582.5,10760421,45,22,737772,15792.0,124534.0,3625.0,7.885891590678825,3.782044059655469
39.07,21.82,17,4.21,6.26,19582.5,10760421,45,22,737773,11979.0,125173.0,3687.0,10.449369730361466,3.84105762630935
39.07,21.82,17,4.21,6.26,19582.5,10760421,45,22,737774,32937.0,126372.0,3785.0,3.836779305947718,3.5911761445516017
39.07,21.82,17,4.21,6.26,19582.5,10760421,45,22,737775,33727.0,127557.0,3870.0,3.782044059655469,4.002484586362382
39.07,21.82,17,4.21,6.26,19582.5,10760421,45,22,737776,33509.0,128710.0,3948.0,3.84105762630935,8.38807116344554
39.07,21.82,17,4.21,6.26,19582.5,10760421,45,22,737777,36084.0,129584.0,4044.0,3.5911761445516017,11.094932973610995
39.07,21.82,17,4.21,6.26,19582.5,10760421,45,22,737778,32601.0,130485.0,4102.0,4.002484586362382,3.926993446609139
39.07,21.82,17,4.21,6.26,19582.5,10760421,45,22,737779,15626.0,131072.0,4172.0,8.38807116344554,3.970732723970584
39.07,21.82,17,4.21,6.26,19582.5,10760421,45,22,737780,11861.0,131597.0,4257.0,11.094932973610995,4.224547600314713
39.07,21.82,17,4.21,6.26,19582.5,10760421,45,22,737781,33723.0,132430.0,4340.0,3.926993446609139,4.485796021555452
39.07,21.82,17,4.21,6.26,19582.5,10760421,45,22,737782,33587.0,133365.0,4402.0,3.970732723970584,23.16769547325103
39.07,21.82,17,4.21,6.26,19582.5,10760421,45,22,737783,31775.0,134235.0,4457.0,4.224547600314713,22.050463942699007
39.07,21.82,17,4.21,6.26,19582.5,10760421,45,22,737784,30062.0,134852.0,4507.0,4.485796021555452,18.521733206158878
39.07,21.82,17,4.21,6.26,19582.5,10760421,45,22,737785,5832.0,135114.0,4553.0,23.16769547325103,4.29001847849917
39.07,21.82,17,4.21,6.26,19582.5,10760421,45,22,737786,6143.0,135456.0,4606.0,22.050463942699007,3.9388262173354276
39.07,21.82,17,4.21,6.26,19582.5,10760421,45,22,737787,7339.0,135931.0,4672.0,18.521733206158878,4.349528553080851
39.07,21.82,17,4.21,6.26,19582.5,10760421,45,22,737788,31929.0,136976.0,4730.0,4.29001847849917,4.869129508711897
39.07,21.82,17,4.21,6.26,19582.5,10760421,45,22,737789,35015.0,137918.0,4788.0,3.9388262173354276,29.11817423926636
39.07,21.82,17,4.21,6.26,19582.5,10760421,45,22,737790,31923.0,138850.0,4838.0,4.349528553080851,16.47448259642521
39.07,21.82,17,4.21,6.26,19582.5,10760421,45,22,737791,28639.0,139447.0,4881.0,4.869129508711897,16.967640666505677
39.07,21.82,17,4.21,6.26,19582.5,10760421,45,22,737792,4798.0,139709.0,4921.0,29.11817423926636,4.420958869858732
39.07,21.82,17,4.21,6.26,19582.5,10760421,45,22,737793,8504.0,140099.0,4957.0,16.47448259642521,4.697450967443704
39.07,21.82,17,4.21,6.26,19582.5,10760421,45,22,737794,8282.0,140526.0,5011.0,16.967640666505677,16.416810394388868
39.07,21.82,17,4.21,6.26,19582.5,10760421,45,22,737795,31996.0,141453.0,5051.0,4.420958869858732,3.9358714136814967
39.07,21.82,17,4.21,6.26,19582.5,10760421,45,22,737796,30286.0,142267.0,5099.0,4.697450967443704,3.933511435814955
39.07,21.82,17,4.21,6.26,19582.5,10760421,45,22,737797,8697.0,142777.0,5146.0,16.416810394388868,7.344124213517353
39.07,21.82,17,4.21,6.26,19582.5,10760421,45,22,737798,36458.0,143494.0,5195.0,3.9358714136814967,8.708998200359929
39.07,21.82,17,4.21,6.26,19582.5,10760421,45,22,737799,36683.0,144293.0,5227.0,3.933511435814955,3.5038633200556704
39.07,21.82,17,4.21,6.26,19582.5,10760421,45,22,737800,19708.0,144738.0,5263.0,7.344124213517353,4.193481989708405
39.07,21.82,17,4.21,6.26,19582.5,10760421,45,22,737801,16670.0,145179.0,5302.0,8.708998200359929,4.203401923570878
39.07,21.82,17,4.21,6.26,19582.5,10760421,45,22,737802,41674.0,146020.0,5329.0,3.5038633200556704,4.545622233152976
39.07,21.82,17,4.21,6.26,19582.5,10760421,45,22,737803,34980.0,146688.0,5354.0,4.193481989708405,4.894599676706363
39.07,21.82,17,4.21,6.26,19582.5,10760421,45,22,737804,35039.0,147283.0,5387.0,4.203401923570878,13.766280685502547
39.07,21.82,17,4.21,6.26,19582.5,10760421,45,22,737805,32528.0,147860.0,5421.0,4.545622233152976,18.221583261960113
39.07,21.82,17,4.21,6.26,19582.5,10760421,45,22,737806,30313.0,148370.0,5441.0,4.894599676706363,4.72995980885471
39.07,21.82,17,4.21,6.26,19582.5,10760421,45,22,737807,10795.0,148607.0,5469.0,13.766280685502547,4.92862072365178
39.07,21.82,17,4.21,6.26,19582.5,10760421,45,22,737808,8173.0,148925.0,5488.0,18.221583261960113,5.108776099134273
39.07,21.82,17,4.21,6.26,19582.5,10760421,45,22,737809,31599.0,149462.0,5518.0,4.72995980885471,4.656441717791411
39.07,21.82,17,4.21,6.26,19582.5,10760421,45,22,737810,30429.0,149973.0,5545.0,4.92862072365178,4.892437733901149
39.07,21.82,17,4.21,6.26,19582.5,10760421,45,22,737811,29455.0,150479.0,5570.0,5.108776099134273,12.80047165838457
39.07,21.82,17,4.21,6.26,19582.5,10760421,45,22,737812,32437.0,151041.0,5598.0,4.656441717791411,16.224398552267406
39.07,21.82,17,4.21,6.26,19582.5,10760421,45,22,737813,30996.0,151646.0,5622.0,4.892437733901149,4.228090507726269
39.07,21.82,17,4.21,6.26,19582.5,10760421,45,22,737814,11873.0,151980.0,5646.0,12.80047165838457,4.087624353362515
39.07,21.82,17,4.21,6.26,19582.5,10760421,45,22,737815,9394.0,152412.0,5671.0,16.224398552267406,4.546939255081659
39.07,21.82,17,4.21,6.26,19582.5,10760421,45,22,737816,36240.0,153226.0,5692.0,4.228090507726269,3.430466494788568
39.07,21.82,17,4.21,6.26,19582.5,10760421,45,22,737817,37695.0,154083.0,5724.0,4.087624353362515,4.904494734202608
39.07,21.82,17,4.21,6.26,19582.5,10760421,45,22,737818,34044.0,154796.0,5742.0,4.546939255081659,11.929543208938208
39.07,21.82,17,4.21,6.26,19582.5,10760421,45,22,737819,45381.0,155678.0,5764.0,3.430466494788568,13.874988987754383
39.07,21.82,17,4.21,6.26,19582.5,10760421,45,22,737820,31904.0,156473.0,5779.0,4.904494734202608,4.222180841158788
39.07,21.82,17,4.21,6.26,19582.5,10760421,45,22,737821,13157.0,156957.0,5796.0,11.929543208938208,4.131331403762663
39.07,21.82,17,4.21,6.26,19582.5,10760421,45,22,737822,11351.0,157495.0,5829.0,13.874988987754383,3.6249887377241192
39.07,21.82,17,4.21,6.26,19582.5,10760421,45,22,737823,37591.0,158716.0,5851.0,4.222180841158788,3.5326664923291493
39.07,21.82,17,4.21,6.26,19582.5,10760421,45,22,737824,38696.0,159866.0,5878.0,4.131331403762663,3.5437175673621817
39.07,21.82,17,4.21,6.26,19582.5,10760421,45,22,737825,44396.0,160935.0,5903.0,3.6249887377241192,7.453107241896622
39.07,21.82,17,4.21,6.26,19582.5,10760421,45,22,737826,45888.0,162107.0,5922.0,3.5326664923291493,9.066494050242397
39.07,21.82,17,4.21,6.26,19582.5,10760421,45,22,737827,46057.0,163213.0,5951.0,3.5437175673621817,3.1324530793171745
39.07,21.82,17,4.21,6.26,19582.5,10760421,45,22,737828,21997.0,163946.0,5972.0,7.453107241896622,3.2592643025268933
39.07,21.82,17,4.21,6.26,19582.5,10760421,45,22,737829,18152.0,164575.0,5997.0,9.066494050242397,3.3190903909274945
39.07,21.82,17,4.21,6.26,19582.5,10760421,45,22,737830,53015.0,166067.0,6017.0,3.1324530793171745,3.5719021442658723
39.07,21.82,17,4.21,6.26,19582.5,10760421,45,22,737831,51407.0,167549.0,6034.0,3.2592643025268933,3.7411035716623395
39.07,21.82,17,4.21,6.26,19582.5,10760421,45,22,737832,50879.0,168872.0,6056.0,3.3190903909274945,8.740123895602721
39.07,21.82,17,4.21,6.26,19582.5,10760421,45,22,737833,47662.0,170244.0,6077.0,3.5719021442658723,12.990378833433553
39.07,21.82,17,4.21,6.26,19582.5,10760421,45,22,737834,45833.0,171466.0,6103.0,3.7411035716623395,4.299683528655491
39.07,21.82,17,4.21,6.26,19582.5,10760421,45,22,737835,19694.0,172128.0,6126.0,8.740123895602721,6.789729435546572
39.07,21.82,17,4.21,6.26,19582.5,10760421,45,22,737836,13304.0,172824.0,6152.0,12.990378833433553,4.757194196006377
39.07,21.82,17,4.21,6.26,19582.5,10760421,45,22,737837,40446.0,173905.0,6181.0,4.299683528655491,3.887893457166013
39.07,21.82,17,4.21,6.26,19582.5,10760421,45,22,737838,25724.0,174659.0,6194.0,6.789729435546572,4.131101362271993
39.07,21.82,17,4.21,6.26,19582.5,10760421,45,22,737839,37009.0,176059.0,6221.0,4.757194196006377,7.770517308440295
39.07,21.82,17,4.21,6.26,19582.5,10760421,45,22,737840,45653.0,177494.0,6249.0,3.887893457166013,11.574119154388212
39.07,21.82,17,4.21,6.26,19582.5,10760421,45,22,737841,43310.0,178918.0,6272.0,4.131101362271993,1.8179584854241468
39.07,21.82,17,4.21,6.26,19582.5,10760421,45,22,737842,23139.0,179802.0,6297.0,7.770517308440295,43.81637010676157
39.07,21.82,17,4.21,6.26,19582.5,10760421,45,22,737843,15610.0,180672.0,6321.0,11.574119154388212,3.7110474257169583
39.07,21.82,17,4.21,6.26,19582.5,10760421,45,22,737844,100543.0,182783.0,6343.0,1.8179584854241468,3.7110474257169583
39.07,21.82,17,4.21,6.26,19582.5,10760421,45,22,737845,4215.0,184686.0,6371.0,43.81637010676157,3.7110474257169583
39.07,21.82,17,4.21,6.26,19582.5,10760421,45,22,737846,50247.0,186469.0,6410.0,3.7110474257169583,3.7110474257169583
